{
    "processors": [
        {
            "processor_type": "minecraft:rule",
            "rules": [
                {
                    "location_predicate": {
                        "predicate_type": "minecraft:block_match",
                        "block": "spruce_planks"
                    },
                    "input_predicate": {
                        "predicate_type": "minecraft:block_match" ,
                        "block": "acacia_slab"
                    },
                    "output_state": {
                        "Name": "minecraft:spruce_planks"
                    }
                },
                {
                    "location_predicate": {
                        "predicate_type": "minecraft:block_match",
                        "block": "spruce_planks"
                    },
                    "input_predicate": {
                        "predicate_type": "minecraft:block_match" ,
                        "block": "acacia_stairs"
                    },
                    "output_state": {
                        "Name": "minecraft:spruce_planks"
                    }
                },
                {
                    "location_predicate": {
                        "predicate_type": "minecraft:block_match",
                        "block": "spruce_planks"
                    },
                    "input_predicate": {
                        "predicate_type": "minecraft:block_match" ,
                        "block": "red_stained_glass_pane"
                    },
                    "output_state": {
                        "Name": "minecraft:spruce_planks"
                    }
                },
                {
                    "location_predicate": {
                        "predicate_type": "minecraft:block_match",
                        "block": "dirt"
                    },
                    "input_predicate": {
                        "predicate_type": "minecraft:block_match" ,
                        "block": "acacia_slab"
                    },
                    "output_state": {
                        "Name": "minecraft:dirt"
                    }
                },
                {
                    "location_predicate": {
                        "predicate_type": "minecraft:block_match",
                        "block": "dirt"
                    },
                    "input_predicate": {
                        "predicate_type": "minecraft:block_match" ,
                        "block": "acacia_stairs"
                    },
                    "output_state": {
                        "Name": "minecraft:dirt"
                    }
                },
                {
                    "location_predicate": {
                        "predicate_type": "minecraft:block_match",
                        "block": "dirt"
                    },
                    "input_predicate": {
                        "predicate_type": "minecraft:block_match" ,
                        "block": "red_stained_glass_pane"
                    },
                    "output_state": {
                        "Name": "minecraft:dirt"
                    }
                },
                {
                    "location_predicate": {
                        "predicate_type": "minecraft:block_match",
                        "block": "andesite"
                    },
                    "input_predicate": {
                        "predicate_type": "minecraft:block_match" ,
                        "block": "acacia_slab"
                    },
                    "output_state": {
                        "Name": "minecraft:andesite"
                    }
                },                {
                    "location_predicate": {
                        "predicate_type": "minecraft:block_match",
                        "block": "andesite"
                    },
                    "input_predicate": {
                        "predicate_type": "minecraft:block_match" ,
                        "block": "acacia_slab"
                    },
                    "output_state": {
                        "Name": "minecraft:andesite"
                    }
                },                {
                    "location_predicate": {
                        "predicate_type": "minecraft:block_match",
                        "block": "andesite"
                    },
                    "input_predicate": {
                        "predicate_type": "minecraft:block_match" ,
                        "block": "acacia_slab"
                    },
                    "output_state": {
                        "Name": "minecraft:andesite"
                    }
                }
            ]
        }
    ]
}