{
    "name": "rain_world:chimneys",
    "fallback": "minecraft:empty",
    "elements": [
        {
            "element": {
                "element_type": "minecraft:single_pool_element",
                "projection": "rigid",
                "processors": "minecraft:empty",
                "location": "rain_world:chimneys/chimney_30d"
            },
            "weight": 1
        },
        {
            "element": {
                "element_type": "minecraft:single_pool_element",
                "projection": "rigid",
                "processors": "minecraft:empty",
                "location": "rain_world:chimneys/chimney_22d"
            },
            "weight": 1
        }
    ]
}