{
    "name": "rain_world:comm_tower",
    "fallback": "minecraft:empty",
    "elements": [
        {
            "element": {
                "element_type": "minecraft:single_pool_element",
                "projection": "rigid",
                "processors": "rain_world:comms/comm_towers",
                "location": "rain_world:comms/comms_1"
            },
            "weight": 5
        },
        {
            "element": {
                "element_type": "minecraft:single_pool_element",
                "projection": "rigid",
                "processors": "rain_world:comms/comm_towers",
                "location": "rain_world:comms/comms_2"
            },
            "weight": 5
        }
    ]
}