{
    "type": "minecraft:block_column",
    "config": {
        "direction": "up",
        "allowed_placement": {
            "type": "minecraft:matching_blocks",
            "blocks": [
                "minecraft:air"
            ]
        },
        "prioritize_tip": true,
        "layers": [
            {
                "height": 1,
                "provider": {
                    "type": "minecraft:simple_state_provider",
                    "state": {
                        "Name": "minecraft:green_candle",
                        "Properties": {
                            "candles": "3"
                        }
                    }
                }
            },
            {
                "height": 1,
                "provider": {
                    "type": "minecraft:simple_state_provider",
                    "state": {
                        "Name": "minecraft:air"
                    }
                }
            },
            {
                "height": 1,
                "provider": {
                    "type": "minecraft:simple_state_provider",
                    "state": {
                        "Name": "minecraft:green_candle",
                        "Properties": {
                            "candles": "3"
                        }
                    }
                }
            },
            {
                "height": 1,
                "provider": {
                    "type": "minecraft:simple_state_provider",
                    "state": {
                        "Name": "minecraft:air"
                    }
                }
            },
            {
                "height": 1,
                "provider": {
                    "type": "minecraft:simple_state_provider",
                    "state": {
                        "Name": "minecraft:green_candle",
                        "Properties": {
                            "candles": "3"
                        }
                    }
                }
            }
        ]
    }
}