{
    "type": "minecraft:simple_block",
    "config": {
        "to_place": {
            "type": "minecraft:weighted_state_provider",
            "entries": [
                {
                    "data": {
                        "Name": "minecraft:glow_lichen",
                        "Properties": {
                            "down": "true",
                            "up": "false",
                            "east": "false",
                            "west": "false",
                            "north": "false",
                            "south": "false"

                        }
                    },
                    "weight": 1
                },
                {
                    "data": {
                        "Name": "minecraft:dead_fire_coral",
                        "Properties": {
                            "waterlogged": "false"
                        }
                    },
                    "weight": 1
                }
            ]
        }
    }
}