{
    "name": "rain_world:factory_buildings",
    "fallback": "minecraft:empty",
    "elements": [
        {
            "element": {
                "element_type": "minecraft:single_pool_element",
                "projection": "rigid",
                "processors": "rain_world:gw/factory",
                "location": "rain_world:gw_decor/withstanding_factory/withstanding_factory_mid1"
            },
            "weight": 2
        },
        {
            "element": {
                "element_type": "minecraft:single_pool_element",
                "projection": "rigid",
                "processors": "rain_world:gw/factory",
                "location": "rain_world:gw_decor/withstanding_factory/withstanding_factory_mid2"
            },
            "weight": 2
        }
    ]
}