{
    "name": "rain_world:detail",
    "fallback": "minecraft:empty",
    "elements": [
        {
            "element": {
                "element_type": "minecraft:single_pool_element",
                "projection": "rigid",
                "processors": "rain_world:gw/detail",
                "location": "rain_world:gw_decor/withstanding_factory/withstanding_factory_detail1"
            },
            "weight": 15
        },
        {
            "element": {
                "element_type": "minecraft:single_pool_element",
                "projection": "rigid",
                "processors": "rain_world:gw/detail",
                "location": "rain_world:gw_decor/withstanding_factory/withstanding_factory_detail2"
            },
            "weight": 15
        },
        {
            "element": {
                "element_type": "minecraft:single_pool_element",
                "projection": "rigid",
                "processors": "rain_world:gw/detail",
                "location": "rain_world:gw_decor/withstanding_factory/withstanding_factory_detail3"
            },
            "weight": 15
        },
        {
            "element": {
                "element_type": "minecraft:single_pool_element",
                "projection": "rigid",
                "processors": "rain_world:gw/detail",
                "location": "rain_world:gw_decor/withstanding_factory/withstanding_factory_detail4"
            },
            "weight": 5
        },
        {
            "element": {
                "element_type": "minecraft:single_pool_element",
                "projection": "rigid",
                "processors": "rain_world:gw/detail",
                "location": "rain_world:gw_decor/withstanding_factory/withstanding_factory_detail5"
            },
            "weight": 5
        },
        {
            "element": {
                "element_type": "minecraft:single_pool_element",
                "projection": "rigid",
                "processors": "rain_world:gw/detail",
                "location": "rain_world:gw_decor/withstanding_factory/withstanding_factory_detail6"
            },
            "weight": 5
        },
        {
            "element": {
                "element_type": "minecraft:single_pool_element",
                "projection": "rigid",
                "processors": "rain_world:gw/detail",
                "location": "rain_world:gw_decor/withstanding_factory/withstanding_factory_detail7"
            },
            "weight": 5
        },
        {
            "element": {
                "element_type": "minecraft:single_pool_element",
                "projection": "rigid",
                "processors": "rain_world:gw/detail",
                "location": "rain_world:gw_decor/withstanding_factory/withstanding_factory_detail8"
            },
            "weight": 5
        },
        {
            "element": {
                "element_type": "minecraft:single_pool_element",
                "projection": "rigid",
                "processors": "minecraft:empty",
                "location": "rain_world:gw_decor/withstanding_factory/withstanding_factory_nothing"
            },
            "weight": 50
        },
        {
            "element": {
                "element_type": "minecraft:single_pool_element",
                "projection": "rigid",
                "processors": "minecraft:empty",
                "location": "rain_world:gw_decor/withstanding_factory/withstanding_factory_pearl"
            },
            "weight": 1
        }
    ]
}