{
    "name": "rain_world:wall1",
    "fallback": "minecraft:empty",
    "elements": [
        {
            "element": {
                "element_type": "minecraft:single_pool_element",
                "projection": "rigid",
                "processors": "rain_world:gw/factory",
                "location": "rain_world:gw_decor/withstanding_factory/withstanding_factory_wall1"
            },
            "weight": 1
        },
        {
            "element": {
                "element_type": "minecraft:single_pool_element",
                "projection": "rigid",
                "processors": "rain_world:gw/factory",
                "location": "rain_world:gw_decor/withstanding_factory/withstanding_factory_wall3"
            },
            "weight": 1
        }
    ]
}