{
    "type": "minecraft:random_patch",
    "config": {
      "tries": 96,
      "xz_spread": 7,
      "y_spread": 3,
      "feature": {
        "feature": {
          "type": "minecraft:simple_block",
          "config": {
            "to_place": {
              "type": "minecraft:simple_state_provider",
              "state": {
                "Name": "minecraft:dead_brain_coral",
                "Properties": {"waterlogged": "false"}
              }
            }
          }
        },
        "placement": [
          {
            "type": "minecraft:block_predicate_filter",
            "predicate": {
              "type": "minecraft:all_of",
              "predicates": [
                {
                  "type": "minecraft:matching_blocks",
                  "blocks": ["minecraft:air","minecraft:water"]
                
                }
              ]
            }
          }
        ]
      }
    }
  }
  