{
	"ambient_light": 0.1,
	"bed_works": true,
	"coordinate_scale": 1,
	"has_ceiling": false,
	"has_raids": false,
	"has_skylight": true,
	"effects":"minecraft:overworld",
	"min_y": -64,
	"height": 384,
	"logical_height": 312,
	"infiniburn": "#minecraft:infiniburn_overworld",
	"monster_spawn_block_light_limit": 0,
	"monster_spawn_light_level": {
		"type": "minecraft:uniform",
		"value": {
			"max_inclusive": 7,
			"min_inclusive": 0
		}
	},
	"natural": true,
	"piglin_safe": false,
	"respawn_anchor_works": true,
	"ultrawarm": false
}