{
    "name": "rain_world:ruined_harvester",
    "fallback": "minecraft:empty",
    "elements": [
        {
            "element": {
                "element_type": "minecraft:single_pool_element",
                "projection": "rigid",
                "processors": "minecraft:empty",
                "location": "rain_world:lf_decor/ruined_harvester_1"
            },
            "weight": 2
        },
        {
            "element": {
                "element_type": "minecraft:single_pool_element",
                "projection": "rigid",
                "processors": "minecraft:empty",
                "location": "rain_world:lf_decor/ruined_harvester_2"
            },
            "weight": 2
        },
        {
            "element": {
                "element_type": "minecraft:single_pool_element",
                "projection": "rigid",
                "processors": "minecraft:empty",
                "location": "rain_world:lf_decor/ruined_harvester_3"
            },
            "weight": 2
        }
    ]
}