{
    "processors": [
        {
            "processor_type": "minecraft:rule",
            "rules": [
                {
                    "location_predicate": {
                        "predicate_type": "minecraft:block_match",
                        "block": "minecraft:polished_blackstone"
                    },
                    "input_predicate": {
                        "predicate_type": "minecraft:always_true"
                    },
                    "output_state": {
                        "Name": "minecraft:polished_blackstone"
                    }
                },
                {
                    "location_predicate": {
                        "predicate_type": "minecraft:block_match",
                        "block": "minecraft:spruce_planks"
                    },
                    "input_predicate": {
                        "predicate_type": "minecraft:always_true"
                    },
                    "output_state": {
                        "Name": "minecraft:spruce_planks"
                    }
                },
                {
                    "location_predicate": {
                        "predicate_type": "minecraft:block_match",
                        "block": "minecraft:cyan_terracotta"
                    },
                    "input_predicate": {
                        "predicate_type": "minecraft:always_true"
                    },
                    "output_state": {
                        "Name": "minecraft:cyan_terracotta"
                    }
                },
                {
                    "location_predicate": {
                        "predicate_type": "minecraft:block_match",
                        "block": "minecraft:mangrove_planks"
                    },
                    "input_predicate": {
                        "predicate_type": "minecraft:always_true"
                    },
                    "output_state": {
                        "Name": "minecraft:mangrove_planks"
                    }
                },
                {
                    "location_predicate": {
                        "predicate_type": "minecraft:block_match",
                        "block": "minecraft:stone"
                    },
                    "input_predicate": {
                        "predicate_type": "minecraft:always_true"
                    },
                    "output_state": {
                        "Name": "minecraft:stone"
                    }
                }
            ]
        }
    ]
}