{
    "processors": [
      {
        "processor_type": "minecraft:rule",
        "rules": [
          {
            "location_predicate": {
              "predicate_type": "minecraft:always_true"
            },
            "input_predicate": {
              "predicate_type": "minecraft:random_block_match",
              "block": "minecraft:mangrove_planks",
              "probability": 0.1
            },
            "output_state": {
              "Name": "minecraft:green_terracotta"
            }
          },
          {
            "location_predicate": {
              "predicate_type": "minecraft:always_true"
            },
            "input_predicate": {
              "predicate_type": "minecraft:random_block_match",
              "block": "minecraft:stone",
              "probability": 0.5
            },
            "output_state": {
              "Name": "minecraft:granite"
            }
          }
        ]
      }
    ]
  }
  