{
    "carvers": {
        "air": [
            "minecraft:canyon",
            "minecraft:cave",
            "minecraft:cave_extra_underground"
        ]
    },
    "creature_spawn_probability": 0.1,
    "downfall": 0.5,
    "effects": {
        "fog_color": 10868422,
        "foliage_color": 10868422,
        "grass_color": 10868422,
        "sky_color": 10868422,
        "water_color": 3171398,
        "water_fog_color": 3171398
    },
    "has_precipitation": true,
    "temperature": 0.8,
    "spawners": {

    },
    "spawn_costs": {

    },
    "features": [
        [],
        [],
        [],
        [],
        [],
        [],
        [],
        [
            "rain_world:seaweed/7",
            "rain_world:seaweed/10",
            "rain_world:seaweed/4"
        ],
        [
            "rain_world:large_debris"
        ],
        [
            "rain_world:debris"
        ],
        []
    ]
}