{
    "name": "rain_world:sl_item",
    "fallback": "minecraft:empty",
    "elements": [
        {
            "element": {
                "element_type": "minecraft:single_pool_element",
                "projection": "rigid",
                "processors": "minecraft:empty",
                "location": "rain_world:sl_decor/sl_island_pearl"
            },
            "weight": 1
        },
        {
            "element": {
                "element_type": "minecraft:single_pool_element",
                "projection": "rigid",
                "processors": "minecraft:empty",
                "location": "rain_world:sl_decor/drone_part"
            },
            "weight": 5
        },
        {
            "element": {
                "element_type": "minecraft:single_pool_element",
                "projection": "rigid",
                "processors": "minecraft:empty",
                "location": "rain_world:sl_decor/nothing"
            },
            "weight": 50
        }
    ]
}