{
    "name": "rain_world:door_detail",
    "fallback": "minecraft:empty",
    "elements": [
        {
            "element": {
                "element_type": "minecraft:single_pool_element",
                "projection": "rigid",
                "processors": "rain_world:sh/sh_ruin_detail",
                "location": "rain_world:sh_decor/ruin_props/sh_ruin_hole_1"
            },
            "weight": 5
        },
        {
            "element": {
                "element_type": "minecraft:single_pool_element",
                "projection": "rigid",
                "processors": "rain_world:sh/sh_ruin_detail",
                "location": "rain_world:sh_decor/ruin_props/sh_ruin_hole_2"
            },
            "weight": 5
        },
        {
            "element": {
                "element_type": "minecraft:single_pool_element",
                "projection": "rigid",
                "processors": "rain_world:sh/sh_ruin_detail",
                "location": "rain_world:sh_decor/ruin_props/sh_ruin_hole_3"
            },
            "weight": 5
        },
        {
            "element": {
                "element_type": "minecraft:single_pool_element",
                "projection": "rigid",
                "processors": "minecraft:empty",
                "location": "rain_world:nothing"
            },
            "weight": 20
        }
    ]
}