{
    "name": "rain_world:ruins",
    "fallback": "minecraft:empty",
    "elements": [
        {
            "element": {
                "element_type": "minecraft:single_pool_element",
                "projection": "rigid",
                "processors": "rain_world:sh/sh_ruins",
                "location": "rain_world:sh_decor/sh_ruined_building_1"
            },
            "weight": 2
        },
        {
            "element": {
                "element_type": "minecraft:single_pool_element",
                "projection": "rigid",
                "processors": "rain_world:sh/sh_ruins",
                "location": "rain_world:sh_decor/sh_ruined_building_2"
            },
            "weight": 2
        },
        {
            "element": {
                "element_type": "minecraft:single_pool_element",
                "projection": "rigid",
                "processors": "rain_world:sh/sh_ruins",
                "location": "rain_world:sh_decor/sh_ruined_building_3"
            },
            "weight": 2
        },
        {
            "element": {
                "element_type": "minecraft:single_pool_element",
                "projection": "rigid",
                "processors": "rain_world:sh/sh_ruins",
                "location": "rain_world:sh_decor/sh_ruined_building_4"
            },
            "weight": 2
        },
        {
            "element": {
                "element_type": "minecraft:single_pool_element",
                "projection": "rigid",
                "processors": "rain_world:sh/sh_ruins",
                "location": "rain_world:sh_decor/sh_ruined_building_5"
            },
            "weight": 2
        },
        {
            "element": {
                "element_type": "minecraft:single_pool_element",
                "projection": "rigid",
                "processors": "rain_world:sh/sh_ruins",
                "location": "rain_world:sh_decor/sh_ruined_building_6"
            },
            "weight": 2
        },
        {
            "element": {
                "element_type": "minecraft:single_pool_element",
                "projection": "rigid",
                "processors": "rain_world:sh/sh_ruins",
                "location": "rain_world:sh_decor/sh_ruined_building_7"
            },
            "weight": 2
        },
        {
            "element": {
                "element_type": "minecraft:single_pool_element",
                "projection": "rigid",
                "processors": "rain_world:sh/sh_ruins",
                "location": "rain_world:sh_decor/sh_ruined_building_8"
            },
            "weight": 2
        },
        {
            "element": {
                "element_type": "minecraft:single_pool_element",
                "projection": "rigid",
                "processors": "rain_world:sh/sh_ruins",
                "location": "rain_world:sh_decor/sh_ruined_building_9"
            },
            "weight": 2
        },
        {
            "element": {
                "element_type": "minecraft:single_pool_element",
                "projection": "rigid",
                "processors": "rain_world:sh/sh_ruins",
                "location": "rain_world:sh_decor/sh_ruined_building_10"
            },
            "weight": 2
        }
    ]
}