{
	"credit": "Made with Blockbench",
	"texture_size": [64, 64],
	"textures": {
		"0": "block/dandelions"
	},
	"elements": [
		{
			"name": "Stems 1",
			"from": [-2, 0, 8],
			"to": [18, 20, 8],
			"rotation": {"angle": 0, "axis": "y", "origin": [8, 10, 8]},
			"faces": {
				"north": {"uv": [0, 0, 5, 5], "texture": "#0"},
				"east": {"uv": [0, 0, 0, 5], "texture": "#0"},
				"south": {"uv": [5, 0, 10, 5], "texture": "#0"},
				"west": {"uv": [5, 0, 5, 5], "texture": "#0"},
				"up": {"uv": [5, 0, 0, 0], "texture": "#0"},
				"down": {"uv": [10, 0, 5, 0], "texture": "#0"}
			}
		},
		{
			"name": "Stems 2",
			"from": [8, 0, -2],
			"to": [8, 20, 18],
			"rotation": {"angle": 0, "axis": "y", "origin": [8, 0, 8]},
			"faces": {
				"north": {"uv": [5, 5, 5, 10], "texture": "#0"},
				"east": {"uv": [0, 5, 5, 10], "texture": "#0"},
				"south": {"uv": [10, 5, 10, 10], "texture": "#0"},
				"west": {"uv": [5, 5, 10, 10], "texture": "#0"},
				"up": {"uv": [5, 5, 5, 0], "texture": "#0"},
				"down": {"uv": [5, 0, 5, 5], "texture": "#0"}
			}
		},
		{
			"name": "BiggerSeeds1",
			"from": [5.2, 6.9, 8.5],
			"to": [12.2, 13.9, 8.5],
			"rotation": {"angle": 0, "axis": "y", "origin": [5.2, 10.4, 12]},
			"faces": {
				"north": {"uv": [12.5, 1.5, 14.25, 3.25], "texture": "#0"},
				"east": {"uv": [12.5, 1.5, 12.5, 3.25], "texture": "#0"},
				"south": {"uv": [14.25, 1.5, 16, 3.25], "texture": "#0"},
				"west": {"uv": [14.25, 1.5, 14.25, 3.25], "texture": "#0"},
				"up": {"uv": [14.25, 1.5, 12.5, 1.5], "texture": "#0"},
				"down": {"uv": [16, 1.5, 14.25, 1.5], "texture": "#0"}
			}
		},
		{
			"name": "BiggerSeeds2",
			"from": [8.6, 6.9, 5],
			"to": [8.6, 13.9, 12],
			"rotation": {"angle": 0, "axis": "y", "origin": [8.6, 10.4, 8.5]},
			"faces": {
				"north": {"uv": [14.25, 1.5, 14.25, 3.25], "texture": "#0"},
				"east": {"uv": [12.5, 1.5, 14.25, 3.25], "texture": "#0"},
				"south": {"uv": [16, 1.5, 16, 3.25], "texture": "#0"},
				"west": {"uv": [14.25, 1.5, 16, 3.25], "texture": "#0"},
				"up": {"uv": [14.25, 1.5, 14.25, -0.25], "texture": "#0"},
				"down": {"uv": [14.25, -0.25, 14.25, 1.5], "texture": "#0"}
			}
		},
		{
			"name": "BiggerSeeds3",
			"from": [5.1, 10.4, 5],
			"to": [12.1, 10.4, 12],
			"rotation": {"angle": 0, "axis": "y", "origin": [8.6, 10.4, 8.5]},
			"faces": {
				"north": {"uv": [12.5, 3.25, 14.25, 3.25], "texture": "#0"},
				"east": {"uv": [10.75, 3.25, 12.5, 3.25], "texture": "#0"},
				"south": {"uv": [16, 3.25, 17.75, 3.25], "texture": "#0"},
				"west": {"uv": [14.25, 3.25, 16, 3.25], "texture": "#0"},
				"up": {"uv": [14.25, 3.25, 12.5, 1.5], "texture": "#0"},
				"down": {"uv": [16, 1.5, 14.25, 3.25], "texture": "#0"}
			}
		},
		{
			"name": "Small Seeds N1",
			"from": [8, 4, 0],
			"to": [8, 9, 5],
			"rotation": {"angle": 0, "axis": "y", "origin": [7.9, 4, 1]},
			"faces": {
				"north": {"uv": [14.75, 0, 14.75, 1.25], "texture": "#0"},
				"east": {"uv": [13.5, 0, 14.75, 1.25], "texture": "#0"},
				"south": {"uv": [16, 0, 16, 1.25], "texture": "#0"},
				"west": {"uv": [14.75, 0, 16, 1.25], "texture": "#0"},
				"up": {"uv": [14.75, 0, 14.75, -1.25], "texture": "#0"},
				"down": {"uv": [14.75, -1.25, 14.75, 0], "texture": "#0"}
			}
		},
		{
			"name": "Small Seeds N1",
			"from": [8, 4, 0],
			"to": [8, 9, 5],
			"rotation": {"angle": 0, "axis": "y", "origin": [7.9, 4, 1]},
			"faces": {
				"north": {"uv": [14.75, 0, 14.75, 1.25], "texture": "#0"},
				"east": {"uv": [13.5, 0, 14.75, 1.25], "texture": "#0"},
				"south": {"uv": [16, 0, 16, 1.25], "texture": "#0"},
				"west": {"uv": [14.75, 0, 16, 1.25], "texture": "#0"},
				"up": {"uv": [14.75, 0, 14.75, -1.25], "texture": "#0"},
				"down": {"uv": [14.75, -1.25, 14.75, 0], "texture": "#0"}
			}
		},
		{
			"name": "Small Seeds N2",
			"from": [5.5, 4, 2.5],
			"to": [10.5, 9, 2.5],
			"rotation": {"angle": 0, "axis": "y", "origin": [5.4, 4, 3.5]},
			"faces": {
				"north": {"uv": [13.5, 0, 14.75, 1.25], "texture": "#0"},
				"east": {"uv": [13.5, 0, 13.5, 1.25], "texture": "#0"},
				"south": {"uv": [14.75, 0, 16, 1.25], "texture": "#0"},
				"west": {"uv": [14.75, 0, 14.75, 1.25], "texture": "#0"},
				"up": {"uv": [14.75, 0, 13.5, 0], "texture": "#0"},
				"down": {"uv": [16, 0, 14.75, 0], "texture": "#0"}
			}
		},
		{
			"name": "Small Seeds N3",
			"from": [5.5, 6.4, 0],
			"to": [10.5, 6.4, 5],
			"rotation": {"angle": 0, "axis": "y", "origin": [5.4, 5.4, 0]},
			"faces": {
				"north": {"uv": [14.75, 1.25, 16, 1.25], "texture": "#0"},
				"east": {"uv": [13.5, 1.25, 14.75, 1.25], "texture": "#0"},
				"south": {"uv": [17.25, 1.25, 18.5, 1.25], "texture": "#0"},
				"west": {"uv": [16, 1.25, 17.25, 1.25], "texture": "#0"},
				"up": {"uv": [16, 1.25, 14.75, 0], "texture": "#0"},
				"down": {"uv": [17.25, 0, 16, 1.25], "texture": "#0"}
			}
		},
		{
			"name": "Small Seeds E1",
			"from": [12, 4, 8],
			"to": [17, 9, 8],
			"rotation": {"angle": 0, "axis": "y", "origin": [11.9, 4, 9]},
			"faces": {
				"north": {"uv": [13.5, 0, 14.75, 1.25], "texture": "#0"},
				"east": {"uv": [13.5, 0, 13.5, 1.25], "texture": "#0"},
				"south": {"uv": [14.75, 0, 16, 1.25], "texture": "#0"},
				"west": {"uv": [14.75, 0, 14.75, 1.25], "texture": "#0"},
				"up": {"uv": [14.75, 0, 13.5, 0], "texture": "#0"},
				"down": {"uv": [16, 0, 14.75, 0], "texture": "#0"}
			}
		},
		{
			"name": "Small Seeds E2",
			"from": [14.6, 4, 5.5],
			"to": [14.6, 9, 10.5],
			"rotation": {"angle": 0, "axis": "y", "origin": [14.5, 4, 6.5]},
			"faces": {
				"north": {"uv": [14.75, 0, 14.75, 1.25], "texture": "#0"},
				"east": {"uv": [13.5, 0, 14.75, 1.25], "texture": "#0"},
				"south": {"uv": [16, 0, 16, 1.25], "texture": "#0"},
				"west": {"uv": [14.75, 0, 16, 1.25], "texture": "#0"},
				"up": {"uv": [14.75, 0, 14.75, -1.25], "texture": "#0"},
				"down": {"uv": [14.75, -1.25, 14.75, 0], "texture": "#0"}
			}
		},
		{
			"name": "Small Seeds E3",
			"from": [12, 6.5, 5.5],
			"to": [17, 6.5, 10.5],
			"rotation": {"angle": 0, "axis": "y", "origin": [17, 6.4, 6.5]},
			"faces": {
				"north": {"uv": [13.5, 1.25, 14.75, 1.25], "texture": "#0"},
				"east": {"uv": [12.25, 1.25, 13.5, 1.25], "texture": "#0"},
				"south": {"uv": [16, 1.25, 17.25, 1.25], "texture": "#0"},
				"west": {"uv": [14.75, 1.25, 16, 1.25], "texture": "#0"},
				"up": {"uv": [14.75, 1.25, 13.5, 0], "texture": "#0"},
				"down": {"uv": [16, 0, 14.75, 1.25], "texture": "#0"}
			}
		},
		{
			"name": "Small Seeds S1",
			"from": [8, 3, 11],
			"to": [8, 8, 16],
			"rotation": {"angle": 0, "axis": "y", "origin": [7.9, 3, 12]},
			"faces": {
				"north": {"uv": [14.75, 0, 14.75, 1.25], "texture": "#0"},
				"east": {"uv": [13.5, 0, 14.75, 1.25], "texture": "#0"},
				"south": {"uv": [16, 0, 16, 1.25], "texture": "#0"},
				"west": {"uv": [14.75, 0, 16, 1.25], "texture": "#0"},
				"up": {"uv": [14.75, 0, 14.75, -1.25], "texture": "#0"},
				"down": {"uv": [14.75, -1.25, 14.75, 0], "texture": "#0"}
			}
		},
		{
			"name": "Small Seeds S2",
			"from": [5.5, 3, 13.5],
			"to": [10.5, 8, 13.5],
			"rotation": {"angle": 0, "axis": "y", "origin": [5.4, 3, 14.5]},
			"faces": {
				"north": {"uv": [13.5, 0, 14.75, 1.25], "texture": "#0"},
				"east": {"uv": [13.5, 0, 13.5, 1.25], "texture": "#0"},
				"south": {"uv": [14.75, 0, 16, 1.25], "texture": "#0"},
				"west": {"uv": [14.75, 0, 14.75, 1.25], "texture": "#0"},
				"up": {"uv": [14.75, 0, 13.5, 0], "texture": "#0"},
				"down": {"uv": [16, 0, 14.75, 0], "texture": "#0"}
			}
		},
		{
			"name": "Small Seeds S3",
			"from": [5.5, 5.5, 11],
			"to": [10.5, 5.5, 16],
			"rotation": {"angle": 0, "axis": "y", "origin": [5.4, 4.5, 11]},
			"faces": {
				"north": {"uv": [14.75, 1.25, 16, 1.25], "texture": "#0"},
				"east": {"uv": [13.5, 1.25, 14.75, 1.25], "texture": "#0"},
				"south": {"uv": [17.25, 1.25, 18.5, 1.25], "texture": "#0"},
				"west": {"uv": [16, 1.25, 17.25, 1.25], "texture": "#0"},
				"up": {"uv": [16, 1.25, 14.75, 0], "texture": "#0"},
				"down": {"uv": [17.25, 0, 16, 1.25], "texture": "#0"}
			}
		},
		{
			"name": "Small Seeds W1",
			"from": [-1, 5, 8],
			"to": [4, 10, 8],
			"rotation": {"angle": 0, "axis": "y", "origin": [-1.1, 5, 9]},
			"faces": {
				"north": {"uv": [13.5, 0, 14.75, 1.25], "texture": "#0"},
				"east": {"uv": [13.5, 0, 13.5, 1.25], "texture": "#0"},
				"south": {"uv": [14.75, 0, 16, 1.25], "texture": "#0"},
				"west": {"uv": [14.75, 0, 14.75, 1.25], "texture": "#0"},
				"up": {"uv": [14.75, 0, 13.5, 0], "texture": "#0"},
				"down": {"uv": [16, 0, 14.75, 0], "texture": "#0"}
			}
		},
		{
			"name": "Small Seeds W2",
			"from": [1.5, 5, 5.5],
			"to": [1.5, 10, 10.5],
			"rotation": {"angle": 0, "axis": "y", "origin": [1.4, 5, 6.5]},
			"faces": {
				"north": {"uv": [14.75, 0, 14.75, 1.25], "texture": "#0"},
				"east": {"uv": [13.5, 0, 14.75, 1.25], "texture": "#0"},
				"south": {"uv": [16, 0, 16, 1.25], "texture": "#0"},
				"west": {"uv": [14.75, 0, 16, 1.25], "texture": "#0"},
				"up": {"uv": [14.75, 0, 14.75, -1.25], "texture": "#0"},
				"down": {"uv": [14.75, -1.25, 14.75, 0], "texture": "#0"}
			}
		},
		{
			"name": "Small Seeds W3",
			"from": [-1, 7.5, 5.5],
			"to": [4, 7.5, 10.5],
			"rotation": {"angle": 0, "axis": "y", "origin": [4, 7.4, 6.5]},
			"faces": {
				"north": {"uv": [13.5, 1.25, 14.75, 1.25], "texture": "#0"},
				"east": {"uv": [12.25, 1.25, 13.5, 1.25], "texture": "#0"},
				"south": {"uv": [16, 1.25, 17.25, 1.25], "texture": "#0"},
				"west": {"uv": [14.75, 1.25, 16, 1.25], "texture": "#0"},
				"up": {"uv": [14.75, 1.25, 13.5, 0], "texture": "#0"},
				"down": {"uv": [16, 0, 14.75, 1.25], "texture": "#0"}
			}
		}
	],
	"groups": [
		{
			"name": "Dandelions",
			"origin": [8, 7, 8],
			"color": 0,
			"children": [
				{
					"name": "Stems",
					"origin": [8, 7, 8],
					"color": 0,
					"children": [0, 1]
				},
				{
					"name": "DandelionHeads",
					"origin": [8, 0, 6],
					"color": 0,
					"children": [
						{
							"name": "BiggerSeeds",
							"origin": [8.63333, 10.4, 8.5],
							"color": 0,
							"children": [2, 3, 4]
						},
						{
							"name": "SmallSeedsN",
							"origin": [8, 5.4, 2.6],
							"color": 0,
							"children": [5, 6, 7, 8]
						},
						{
							"name": "SmallSeedsE",
							"origin": [14.6, 6.4, 8],
							"color": 0,
							"children": [9, 10, 11]
						},
						{
							"name": "SmallSeedsS",
							"origin": [8, 5.5, 13.5],
							"color": 0,
							"children": [12, 13, 14]
						},
						{
							"name": "SmallSeedsW",
							"origin": [1.5, 7.5, 8],
							"color": 0,
							"children": [15, 16, 17]
						}
					]
				}
			]
		}
	]
}