{
    "processors": [
      {
        "processor_type": "minecraft:rule",
        "rules": [
          {
            "location_predicate": {
              "predicate_type": "minecraft:block_match",
              "block": "minecraft:water"
            },
            "input_predicate": {
              "predicate_type": "minecraft:always_true"
            },
            "output_state": {
              "Name": "minecraft:water"
            },
            "block_entity_modifier": {
              "type": "minecraft:clear"
            }
          }
        ]
      }
    ]
  }
  