{
	"variants": {
		"candles=1": [
			{
				"model": "minecraft:block/dandelion_0",
				"weight": 10
			},
			{
				"model": "minecraft:block/dandelion_1",
				"weight": 10
			},
			{
				"model": "minecraft:block/dandelion_2",
				"weight": 10
			},
			{
				"model": "minecraft:block/dandelion_3",
				"weight": 10
			}
		],
				"candles=2": [
			{
				"model": "minecraft:block/dandelions"
			}
		],
		"candles=3": [
			{
				"model": "minecraft:block/pink_tulip_0",
				"weight": 10
			},
			{
				"model": "minecraft:block/pink_tulip_1",
				"weight": 10
			},
			{
				"model": "minecraft:block/pink_tulip_2",
				"weight": 10
			},
			{
				"model": "minecraft:block/pink_tulip_3",
				"weight": 10
			}
		]
	}
}