{
	"variants": {
		"candles=1": [
			{
				"model": "minecraft:block/cornflower_0",
				"weight": 10
			},
			{
				"model": "minecraft:block/cornflower_1",
				"weight": 10
			},
			{
				"model": "minecraft:block/cornflower_2",
				"weight": 10
			},
			{
				"model": "minecraft:block/cornflower_3",
				"weight": 10
			},
			{
				"model": "minecraft:block/cornflower_4",
				"weight": 10
			},
			{
				"model": "minecraft:block/cornflower_5",
				"weight": 10
			}
		],
		"candles=2": [
			{
				"model": "minecraft:block/seaweed_0",
				"weight": 10
			},
			{
				"model": "minecraft:block/seaweed_1",
				"weight": 10
			},
			{
				"model": "minecraft:block/seaweed_2",
				"weight": 10
			},
			{
				"model": "minecraft:block/seaweed_3",
				"weight": 10
			},
			{
				"model": "minecraft:block/seaweed_4",
				"weight": 10
			},
			{
				"model": "minecraft:block/seaweed_5",
				"weight": 10
			}
		],
		"candles=3": [
			{
				"model": "minecraft:block/yellow_tulip_0",
				"weight": 10
			},
			{
				"model": "minecraft:block/yellow_tulip_1",
				"weight": 10
			},
			{
				"model": "minecraft:block/yellow_tulip_2",
				"weight": 10
			},
			{
				"model": "minecraft:block/yellow_tulip_3",
				"weight": 10
			}
		],
		"candles=4": [
			{
				"model": "minecraft:block/red_tulip_0",
				"weight": 10
			},
			{
				"model": "minecraft:block/red_tulip_1",
				"weight": 10
			},
			{
				"model": "minecraft:block/red_tulip_2",
				"weight": 10
			},
			{
				"model": "minecraft:block/red_tulip_3",
				"weight": 10
			}
		]
	}
}