{
    "processors": [
        {
            "processor_type": "minecraft:rule",
            "rules": [
                {
                    "location_predicate": {
                        "predicate_type": "minecraft:block_match",
                        "block": "minecraft:yellow_terracotta"
                    },
                    "input_predicate": {
                        "predicate_type": "minecraft:always_true"
                    },
                    "output_state": {
                        "Name": "minecraft:yellow_terracotta"
                    }
                },
                {
                    "location_predicate": {
                        "predicate_type": "minecraft:block_match",
                        "block": "minecraft:coal_ore"
                    },
                    "input_predicate": {
                        "predicate_type": "minecraft:always_true"
                    },
                    "output_state": {
                        "Name": "minecraft:coal_ore"
                    }
                },
                {
                    "location_predicate": {
                        "predicate_type": "minecraft:block_match",
                        "block": "minecraft:smooth_sandstone"
                    },
                    "input_predicate": {
                        "predicate_type": "minecraft:always_true"
                    },
                    "output_state": {
                        "Name": "minecraft:smooth_sandstone"
                    }
                },
                {
                    "location_predicate": {
                        "predicate_type": "minecraft:block_match",
                        "block": "minecraft:sandstone"
                    },
                    "input_predicate": {
                        "predicate_type": "minecraft:always_true"
                    },
                    "output_state": {
                        "Name": "minecraft:sandstone"
                    }
                },
                {
                    "location_predicate": {
                        "predicate_type": "minecraft:block_match",
                        "block": "minecraft:orange_terracotta"
                    },
                    "input_predicate": {
                        "predicate_type": "minecraft:always_true"
                    },
                    "output_state": {
                        "Name": "minecraft:orange_terracotta"
                    }
                },
                {
                    "location_predicate": {
                        "predicate_type": "minecraft:block_match",
                        "block": "dirt"
                    },
                    "input_predicate": {
                        "predicate_type": "minecraft:block_match",
                        "block": "cyan_stained_glass_pane"
                    },
                    "output_state": {
                        "Name": "minecraft:dirt"
                    }
                },
                {
                    "location_predicate": {
                        "predicate_type": "minecraft:block_match",
                        "block": "andesite"
                    },
                    "input_predicate": {
                        "predicate_type": "minecraft:block_match",
                        "block": "cyan_stained_glass_pane"
                    },
                    "output_state": {
                        "Name": "minecraft:andesite"
                    }
                },
                {
                    "location_predicate": {
                        "predicate_type": "minecraft:block_match",
                        "block": "spruce_planks"
                    },
                    "input_predicate": {
                        "predicate_type": "minecraft:block_match",
                        "block": "cyan_stained_glass_pane"
                    },
                    "output_state": {
                        "Name": "minecraft:spruce_planks"
                    }
                },
                {
                    "location_predicate": {
                      "predicate_type": "minecraft:always_true"
                    },
                    "input_predicate": {
                      "predicate_type": "minecraft:random_block_match",
                      "block": "minecraft:cyan_stained_glass_pane",
                      "probability": 0.2
                    },
                    "output_state": {
                      "Name": "minecraft:air"
                    }
                  }
            ]
        }
    ]
}