{
    "carvers": {
        "air": [
            "minecraft:canyon",
            "minecraft:cave",
            "minecraft:cave_extra_underground"
        ]
    },
    "creature_spawn_probability": 0.1,
    "downfall": 0.5,
    "effects": {
        "fog_color": 14724170,
        "foliage_color": 10161164,
        "grass_color": 10161164,
        "sky_color": 14724170,
        "water_color": 14724170,
        "water_fog_color": 14724170
    },
    "has_precipitation": true,
    "temperature": 0.8,
    "spawners": {

    },
    "spawn_costs": {

    },
    "features": [
        [],
        [],
        [],
        [],
        [],
        [],
        [],
        [],
        [],
        [
            "minecraft:glow_lichen",
            "rain_world:debris",
            "rain_world:dandelions",
            "rain_world:pink_plants/1",
            "rain_world:pink_plants/4",
            "rain_world:pink_plants/7",
            "rain_world:pink_plants/10",
            "rain_world:pink_plants/13"

        ],
        []
    ]
}