{
    "carvers": {
        "air": [
            "minecraft:canyon",
            "minecraft:cave",
            "minecraft:cave_extra_underground"
        ]
    },
    "creature_spawn_probability": 0.1,
    "downfall": 0.5,
    "effects": {
        "fog_color": 6595764,
        "foliage_color": 10161164,
        "grass_color": 10161164,
        "sky_color": 6595764,
        "water_color": 6595764,
        "water_fog_color": 6595764
    },
    "has_precipitation": true,
    "temperature": 0.8,
    "spawners": {

    },
    "spawn_costs": {

    },
    "features": [
        [],
        [],
        [],
        [],
        [],
        [],
        [],
        [],
        [],
        [
            "minecraft:glow_lichen",
            "rain_world:debris",
            "rain_world:thorny_growers/1",
            "rain_world:thorny_growers/4",
            "rain_world:thorny_growers/7",
            "rain_world:thorny_growers/10",
            "rain_world:thorny_growers/13",
            "rain_world:worm_grass",
            "rain_world:worm_grass_2"
        ],
        []
    ]
}