{
    "carvers": {
        "air": [
            "minecraft:canyon",
            "minecraft:cave",
            "minecraft:cave_extra_underground"
        ]
    },
    "creature_spawn_probability": 0.1,
    "downfall": 0.5,
    "effects": {
        "fog_color": 11001775,
        "foliage_color": 9934397,
        "grass_color": 9934397,
        "sky_color": 11001775,
        "water_color": 4424541,
        "water_fog_color": 4424541
    },
    "has_precipitation": true,
    "temperature": 0.5,
    "spawners": {

    },
    "spawn_costs": {

    },
    "features": [
        [],
        [],
        [],
        [],
        [],
        [],
        [],
        [],
        [
            "rain_world:large_debris"
        ],
        [
            "minecraft:glow_lichen",
            "rain_world:debris",
            "rain_world:yellow_plants/1",
            "rain_world:yellow_plants/4",
            "rain_world:yellow_plants/7",
            "rain_world:yellow_plants/10",
            "rain_world:yellow_plants/13",
            "rain_world:red_plants/1",
            "rain_world:red_plants/4"
        ],
        []
    ]
}