{
    "carvers": {
        "air": [
            "minecraft:canyon",
            "minecraft:cave",
            "minecraft:cave_extra_underground"
        ]
    },
    "creature_spawn_probability": 0.1,
    "downfall": 0.5,
    "effects": {
        "fog_color": 4464655,
        "foliage_color": 4464655,
        "grass_color": 4464655,
        "sky_color": 3824998,
        "water_color": 4464655,
        "water_fog_color": 4464655
    },
    "has_precipitation": true,
    "temperature": 0.5,
    "spawners": {

    },
    "spawn_costs": {

    },
    "features": [
        [],
        [],
        [],
        [],
        [],
        [],
        [],
        [],
        [],
        [
            "minecraft:glow_lichen",
            "rain_world:debris"
        ],
        []
    ]
}