{
	"type": "rain_world:dimension_param",
	"generator": {
		"type": "minecraft:noise",
		"settings": "rain_world:rw_dimension",
		"biome_source": {
			"type": "minecraft:multi_noise",
			"biomes": [
				{
					"biome": "rain_world:mem_crypts",
					"parameters": {
						"continentalness": [0.500,1.000],
						"depth": 0,
						"erosion": [-1,1],
						"humidity": [-1,1],
						"offset": 0,
						"temperature": [-1,0.500],
						"weirdness": [-1,1]
					}
				},
				{
					"biome": "rain_world:farm_arrays",
					"parameters": {
						"continentalness": [0.000,0.100],
						"depth": 0,
						"erosion": [-1,1],
						"humidity": [-1,1],
						"offset": 0,
						"temperature": [0.500,1],
						"weirdness": [-1,1]
					}
				},
				{
					"biome": "rain_world:farm_arrays",
					"parameters": {
						"continentalness": [0.400,0.500],
						"depth": 0,
						"erosion": [-1,1],
						"humidity": [-1,1],
						"offset": 0,
						"temperature": [0.500,1],
						"weirdness": [-1,1]
					}
				},
				{
					"biome": "rain_world:farm_arrays",
					"parameters": {
						"continentalness": [0.000,0.500],
						"depth": 0,
						"erosion": [-1,1],
						"humidity": [-1,1],
						"offset": 0,
						"temperature": [0.500,0.650],
						"weirdness": [-1,1]
					}
				},
				{
					"biome": "rain_world:farm_arrays",
					"parameters": {
						"continentalness": [0.000,0.500],
						"depth": 0,
						"erosion": [-1,1],
						"humidity": [-1,1],
						"offset": 0,
						"temperature": [0.850,1],
						"weirdness": [-1,1]
					}
				},
				{
					"biome": "rain_world:harvester_arrays",
					"parameters": {
						"continentalness": [0.100,0.400],
						"depth": 0,
						"erosion": [-1,1],
						"humidity": [-1,1],
						"offset": 0,
						"temperature": [0.650,0.850],
						"weirdness": [-1,1]
					}
				},
				{
					"biome": "rain_world:shoreline",
					"parameters": {
						"continentalness": [-0.25,0],
						"depth": 0,
						"erosion": [-1,1],
						"humidity": [-1,1],
						"offset": 0,
						"temperature": [-1,1],
						"weirdness": [-1,1]
					}
				},
				{
					"biome": "rain_world:open_ocean",
					"parameters": {
						"continentalness": [-1,-0.25],
						"depth": 0,
						"erosion": [-1,1],
						"humidity": [-1,1],
						"offset": 0,
						"temperature": [-1,1],
						"weirdness": [-1,1]
					}
				},
				{
					"biome": "rain_world:garbage_wastes",
					"parameters": {
						"continentalness": [0.000,0.300],
						"depth": 0,
						"erosion": [-1,1],
						"humidity": [-1,1],
						"offset": 0,
						"temperature": [-1,0.200],
						"weirdness": [-1,1]
					}
				},
				{
					"biome": "rain_world:overgrown_fields",
					"parameters": {
						"continentalness": [0.000,0.500],
						"depth": 0,
						"erosion": [-1,1],
						"humidity": [-1,1],
						"offset": 0,
						"temperature": [0.200,0.500],
						"weirdness": [-1,1]
					}
				},
				{
					"biome": "rain_world:decayed_facility",
					"parameters": {
						"continentalness": [0.300,0.500],
						"depth": 0,
						"erosion": [-1,1],
						"humidity": [-1,1],
						"offset": 0,
						"temperature": [-1,0.200],
						"weirdness": [-1,1]
					}
				},
				{
					"biome": "rain_world:subterranean",
					"parameters": {
						"continentalness": [-1,1],
						"depth": 0.5,
						"erosion": [-1,1],
						"humidity": [-1,1],
						"offset": 0,
						"temperature": [-1,1],
						"weirdness": [-1,1]
					}
				}
			]
		}
	}

}