{
    "name": "rain_world:tall_thorny_grower",
    "fallback": "minecraft:empty",
    "elements": [
        {
            "element": {
                "element_type": "minecraft:single_pool_element",
                "projection": "rigid",
                "processors": "rain_world:lf/lf_plants",
                "location": "rain_world:terrain/tall_thorny_grower"
            },
            "weight": 1
        },
        {
            "element": {
                "element_type": "minecraft:single_pool_element",
                "projection": "rigid",
                "processors": "rain_world:lf/lf_plants",
                "location": "rain_world:terrain/tall_thorny_grower_2"
            },
            "weight": 1
        },
        {
            "element": {
                "element_type": "minecraft:single_pool_element",
                "projection": "rigid",
                "processors": "rain_world:lf/lf_plants",
                "location": "rain_world:terrain/tall_thorny_grower_3"
            },
            "weight": 1
        }
    ]
}