{
    "feature": "rain_world:worm_grass",
    "placement": [
        {
            "type": "minecraft:count",
            "count": 40
        },
        {
            "type": "minecraft:in_square"
        },
        {
            "type": "minecraft:height_range",
            "height": {
                "type": "minecraft:uniform",
                "min_inclusive": {
                    "absolute": 40
                },
                "max_inclusive": {
                    "absolute": 100
                }
            }
        },
        {
            "type": "minecraft:environment_scan",
            "allowed_search_condition": {
                "type": "minecraft:matching_blocks",
                "blocks": ["minecraft:air"]
            },
            "direction_of_search": "down",
            "max_steps": 32,
            "target_condition": {
                "type": "minecraft:matching_blocks",
                "blocks": [
                    "cobweb",
                    "dirt",
                    "spruce_planks",
                    "andesite"
                ]
            }
        },
        {
            "type": "minecraft:random_offset",
            "xz_spread": 0,
            "y_spread": 1
        },
        {
            "type": "minecraft:biome"
        }
    ]
}